{
  "name": "Iapetus",
  "albedo": 0.25,
  "radius": 734.5,
  "markdown": "iapetus.md",
  "mass": 1.805635e+21,
  "centralMass": 5.6834e+26,
  "axialTilt": 0,
  "inclination": 15.47,
  "atmosphere": 12632256,
  "ephemeris": {
    "nasaOrbitalCode": "608",
    "nasaBarycenterCode": "6",
    "revolutionOrder": "d"
  },
  "argumentOfPeriapsis": 2.317682317771272E+02,
  "eccentricity": 2.953719152844289E-02,
  "longitudeOfAscendingNode": 1.391084672763423E+02,
  "semimajor": 3560820,
  "semiminor": 3559266,
  "periapses": {
    "last": 1395164760000,
    "next": 1402018440000
  }
}