{
  "name": "Rhea",
  "albedo": 0.949,
  "radius": 763.8,
  "markdown": "rhea.md",
  "mass": 2.306518e+21,
  "centralMass": 5.6834e+26,
  "axialTilt": 0,
  "inclination": 0.345,
  "atmosphere": 4538410,
  "ephemeris": {
    "nasaOrbitalCode": "608",
    "nasaBarycenterCode": "6",
    "revolutionOrder": "d"
  },
  "argumentOfPeriapsis": 231.6769465371525,
  "eccentricity": 0.02816308986985563,
  "longitudeOfAscendingNode": 138.8781130674562,
  "semimajor": 3560623.895487782,
  "semiminor": 3559211.543809575,
  "periapses": {
    "last": 1511690018878.6982,
    "next": 1518543028105.2053
  }
}