{
  "name": "Saturn",
  "albedo": 0.499,
  "sidereal": 0.4395,
  "radius": 58232,
  "markdown": "saturn.md",
  "mass": 5.6834e+26,
  "centralMass": 1.989e+30,
  "axialTilt": 26.73,
  "inclination": 5.51,
  "atmosphere": 9931069,
  "satellites": [
    "dione",
    "enceladus",
    "iapetus",
    "mimas",
    "rhea",
    "tethys",
    "titan"
  ],
  "ephemeris": {
    "nasaOrbitalCode": "6",
    "nasaBarycenterCode": "0",
    "revolutionOrder": "y"
  },
  "argPeriapsis": 339.0879545664338,
  "eccentricity": 0.05407082365984361,
  "longAscNode": 113.5979838713757,
  "semimajor": 1427631630.1829581261,
  "semiminor": 1425543152.1262598038,
  "periapses": {
    "last": 1986104108096.297,
    "next": 2915851337324.0366
  }
}