{
  "name": "Titan",
  "albedo": 0.22,
  "radius": 2575.5,
  "markdown": "titan.md",
  "mass": 1.3452e+23,
  "centralMass": 5.6836e+26,
  "axialTilt": 0,
  "inclination": 0.34854,
  "atmosphere": 16634447,
  "ephemeris": {
    "nasaOrbitalCode": "606",
    "nasaBarycenterCode": "6",
    "revolutionOrder": "d"
  },
  "argumentOfPeriapsis": 173.4209524500883,
  "eccentricity": 0.02863073196285055,
  "longitudeOfAscendingNode": 169.0962668018458,
  "semimajor": 1221644.204661192,
  "semiminor": 1221143.3996418167,
  "periapses": {
    "last": 1508233136675.276,
    "next": 1509610864914.3352
  }
}