{
  "name": "Ariel",
  "albedo": 0.53,
  "radius": 578.9,
  "markdown": "ariel.md",
  "mass": 1.353e+21,
  "centralMass": 8.681e+25,
  "axialTilt": 0,
  "inclination": 0.26,
  "atmosphere": 8421504,
  "ephemeris": {
    "nasaOrbitalCode": "701",
    "nasaBarycenterCode": "7",
    "revolutionOrder": "d"
  },
  "argumentOfPeriapsis": 155.8639968197608,
  "eccentricity": 0.0005863695456392988,
  "longitudeOfAscendingNode": 167.6429700618532,
  "semimajor": 190915.639431505,
  "semiminor": 190915.60661031218,
  "periapses": {
    "last": 1508091755326.6257,
    "next": 1508302248799.1406
  }
}