{
  "name": "Miranda",
  "albedo": 0.32,
  "radius": 235.8,
  "markdown": "miranda.md",
  "mass": 65900000000000000000,
  "centralMass": 8.681e+25,
  "axialTilt": 0,
  "inclination": 4.232,
  "atmosphere": 8421504,
  "ephemeris": {
    "nasaOrbitalCode": "705",
    "nasaBarycenterCode": "7",
    "revolutionOrder": "d"
  },
  "argumentOfPeriapsis": 244.0701800710327,
  "eccentricity": 0.001314431963182846,
  "longitudeOfAscendingNode": 172.0696010336766,
  "semimajor": 129875.8183677679,
  "semiminor": 129875.70617245563,
  "periapses": {
    "last": 1507985848438.427,
    "next": 1508232090014.8093
  }
}