{
  "name": "Uranus",
  "albedo": 0.51,
  "sidereal": -0.71833,
  "radius": 25362,
  "markdown": "uranus.md",
  "mass": 8.681e+25,
  "centralMass": 1.989e+30,
  "axialTilt": 97.77,
  "inclination": 0.77,
  "atmosphere": 5804449,
  "satellites": [
    "ariel",
    "miranda",
    "oberon",
    "titania",
    "umbriel"
  ],
  "ephemeris": {
    "nasaOrbitalCode": "7",
    "nasaBarycenterCode": "0",
    "revolutionOrder": "y"
  },
  "argPeriapsis": 97.10093681233873,
  "eccentricity": 0.04737199527143244,
  "longAscNode": 74.00200944736554,
  "semimajor": 2870331038.1469154,
  "semiminor": 2867108565.77866745,
  "periapses": {
    "last": 1391558400000,
    "next": 1399161600000
  }
}