{
  "name": "Dummy Satellite",
  "GM": 6836529,
  "axialTilt": 23.26,
  "semimajor": 149598261,
  "semiminor": 149556483,
  "radius": 637800,
  "arcRotate": 15.0411,
  "inclination": 1.57869,
  "argPeriapsis": 114.20763,
  "periapses": {
    "last": 1166430000,
    "next": 1167987600
  },
  "eccentricity": 0.01671123,
  "longAscNode": 348.73936,
  "atmosphereColor": 16711680
}
