{
  "name": "Dummy Outer",
  "mass": 5.97237e+24,
  "centralMass": 1.9891e+30, 
  "axialTilt": 23.26,
  "semimajor": 149598261,
  "semiminor": 149556483,
  "radius": 637800,
  "arcRotate": 45.0411,
  "inclination": 1.57869,
  "argPeriapsis": 114.20763,
  "periapses": {
    "last": 1136430000,
    "next": 1167987600
  },
  "eccentricity": 0.01671123,
  "longAscNode": 348.73936,
  "atmosphereColor": 16711680,
  "ring": {
    "innerRadius": 6630,
    "outerRadius": 950000
  }
}
