{
  "name": "Mercury",
  "albedo": 0.142,
  "sidereal": 58.646,
  "radius": 2439.7,
  "markdown": "mercury.md",
  "mass": 3.3011e+23,
  "centralMass": 1.989e+30,
  "axialTilt": 0.034,
  "inclination": 3.86,
  "atmosphere": 7829367,
  "ephemeris": {
    "nasaOrbitalCode": "1",
    "nasaBarycenterCode": "0",
    "revolutionOrder": "y"
  },
  "argumentOfPeriapsis": 25.58643458205566,
  "eccentricity": 0.2061210422938445,
  "longitudeOfAscendingNode": 47.91381339232119,
  "semimajor": 0.3787414194506795,
  "semiminor": 0.3706085164938304,
  "periapses": {
    "last": 1672564975497.5886,
    "next": 1885517466742.7034
  }
}