{
  "name": "Deimos",
  "albedo": 0.068,
  "radius": 6.2,
  "markdown": "deimos.md",
  "mass": 1476200000000000,
  "centralMass": 6.4171e+23,
  "axialTilt": 0,
  "inclination": 0.93,
  "atmosphere": 12761507,
  "ephemeris": {
    "nasaOrbitalCode": "402",
    "nasaBarycenterCode": "4",
    "revolutionOrder": "d"
  },
  "argPeriapsis": 314.7979839942301,
  "eccentricity": 0.0002590453311331469,
  "longAscNode": 78.75446920252135,
  "semimajor": 23458.56713465744,
  "semiminor": 23458.56634756991,
  "periapses": {
    "last": 1508059114051.129,
    "next": 1508059114051.129
  }
}