{
  "name": "Callisto",
  "albedo": 0.17,
  "radius": 2410.3,
  "markdown": "callisto.md",
  "mass": 1.075938e+23,
  "centralMass": 1.898e+27,
  "axialTilt": 0,
  "inclination": 2.017,
  "atmosphere": 4601634,
  "ephemeris": {
    "nasaOrbitalCode": "504",
    "nasaBarycenterCode": "5",
    "revolutionOrder": "d"
  },
  "argPeriapsis": 26.9933064046153,
  "eccentricity": 0.007305503344032214,
  "longAscNode": 337.1328782218236,
  "semimajor": 1882645.771907671,
  "semiminor": 1882595.5324780496,
  "periapses": {
    "last": 1508781732983.789,
    "next": 1510229784180.62
  }
}