{
  "name": "Ganymeade",
  "albedo": 0.43,
  "radius": 2634.1,
  "markdown": "ganymeade.md",
  "mass": 1.4819e+23,
  "centralMass": 1.898e+27,
  "axialTilt": 0.33,
  "inclination": 0.2,
  "atmosphere": 8355711,
  "ephemeris": {
    "nasaOrbitalCode": "503",
    "nasaBarycenterCode": "5",
    "revolutionOrder": "d"
  },
  "argPeriapsis": 333.7539728272546,
  "eccentricity": 0.00225688246608868,
  "longAscNode": 340.6864705564284,
  "semimajor": 1070170.593365441,
  "semiminor": 1070167.867895131,
  "periapses": {
    "last": 1508171885813.0156,
    "next": 1508795593445.161
  }
}