{
  "name": "Io",
  "albedo": 0.63,
  "radius": 421700,
  "markdown": "io.md",
  "mass": 8.931938e+22,
  "centralMass": 1.898e+27,
  "axialTilt": 0,
  "inclination": 0.05,
  "atmosphere": 10521177,
  "ephemeris": {
    "nasaOrbitalCode": "501",
    "nasaBarycenterCode": "5",
    "revolutionOrder": "d"
  },
  "argumentOfPeriapsis": 307.674227707047,
  "eccentricity": 0.003991401067937321,
  "longitudeOfAscendingNode": 338.4213288782511,
  "semimajor": 421535.0399832816,
  "semiminor": 421531.6821730083,
  "periapses": {
    "last": 1507964128150.8074,
    "next": 1508117075106.2883
  }
}