{
  "name": "Neptune",
  "albedo": 0.41,
  "sidereal": 0.6713,
  "radius": 24622,
  "markdown": "neptune.md",
  "mass": 1.0243e+26,
  "centralMass": 1.989e+30,
  "axialTilt": 28.32,
  "inclination": 1.767975,
  "atmosphere": 4871817,
  "satellites": [
    "triton"
  ],
  "ephemeris": {
    "nasaOrbitalCode": "8",
    "nasaBarycenterCode": "0",
    "revolutionOrder": "y"
  },
  "argumentOfPeriapsis": 272.4757294259798,
  "eccentricity": 0.008755529548321343,
  "longitudeOfAscendingNode": 131.7827588793458,
  "semimajor": 4499073979.8195829391,
  "semiminor": 4498901528.5887889862,
  "periapses": {
    "last": 2385097012535.9863,
    "next": 7579716381992.742
  }
}