{
  "name": "Triton",
  "albedo": 0.76,
  "radius": 1353.4,
  "markdown": "triton.md",
  "mass": 2.14e+24,
  "centralMass": 1.0243e+26,
  "axialTilt": 0,
  "inclination": 156.885,
  "atmosphere": 4871817,
  "ephemeris": {
    "nasaOrbitalCode": "801",
    "nasaBarycenterCode": "0",
    "revolutionOrder": "d"
  },
  "argPeriapsis": 109.4889739758744,
  "eccentricity": 0.5958657051834922,
  "longAscNode": 161.5491913515666,
  "semimajor": 54.93799545046435,
  "semiminor": 44.11983028029238,
  "periapses": {
    "last": 1509858240000,
    "next": 1510366020000
  }
}