{"argPeriapsis":125.972221729209,"eccentricity":0.0006771574001105762,"longAscNode":167.6428809287047,"semimajor":0.001276427301353375,"semiminor":0.0012764270087054855,"periapses":{"last":1506562578.3898206,"next":1506334841.264306}}
